variable_1,variable_2,correlation,n,filename
age,income_percentile,0.05850325048626819,13959069,collapsed_2021_len20_window5_walks100_dim32_dine_utilities_dim17_age_income_node_covariates.csv
age,utility_gini,0.14892056033456227,13959069,collapsed_2021_len20_window5_walks100_dim32_dine_utilities_dim17_age_income_node_covariates.csv
age,utility_hhi,0.5187030780667546,13959069,collapsed_2021_len20_window5_walks100_dim32_dine_utilities_dim17_age_income_node_covariates.csv
age,utility_kurtosis,0.03279481712932469,13959069,collapsed_2021_len20_window5_walks100_dim32_dine_utilities_dim17_age_income_node_covariates.csv
age,utility_skewness,0.06153053037852922,13959069,collapsed_2021_len20_window5_walks100_dim32_dine_utilities_dim17_age_income_node_covariates.csv
age,utility_strength,-0.04726563140237224,13959069,collapsed_2021_len20_window5_walks100_dim32_dine_utilities_dim17_age_income_node_covariates.csv
age,utility_variance,-0.07018628072218554,13959069,collapsed_2021_len20_window5_walks100_dim32_dine_utilities_dim17_age_income_node_covariates.csv
income_percentile,age,0.0585032504862682,13959069,collapsed_2021_len20_window5_walks100_dim32_dine_utilities_dim17_age_income_node_covariates.csv
income_percentile,utility_gini,-0.08132468122145634,13959069,collapsed_2021_len20_window5_walks100_dim32_dine_utilities_dim17_age_income_node_covariates.csv
income_percentile,utility_hhi,-0.20093526666565248,13959069,collapsed_2021_len20_window5_walks100_dim32_dine_utilities_dim17_age_income_node_covariates.csv
income_percentile,utility_kurtosis,-0.04239571324067648,13959069,collapsed_2021_len20_window5_walks100_dim32_dine_utilities_dim17_age_income_node_covariates.csv
income_percentile,utility_skewness,-0.081381526172629,13959069,collapsed_2021_len20_window5_walks100_dim32_dine_utilities_dim17_age_income_node_covariates.csv
income_percentile,utility_strength,0.08417942633388233,13959069,collapsed_2021_len20_window5_walks100_dim32_dine_utilities_dim17_age_income_node_covariates.csv
income_percentile,utility_variance,0.11558658197446198,13959069,collapsed_2021_len20_window5_walks100_dim32_dine_utilities_dim17_age_income_node_covariates.csv
utility_gini,age,0.14892056033456227,13959069,collapsed_2021_len20_window5_walks100_dim32_dine_utilities_dim17_age_income_node_covariates.csv
utility_gini,income_percentile,-0.08132468122145632,13959069,collapsed_2021_len20_window5_walks100_dim32_dine_utilities_dim17_age_income_node_covariates.csv
utility_gini,utility_hhi,0.3571930943445513,13959069,collapsed_2021_len20_window5_walks100_dim32_dine_utilities_dim17_age_income_node_covariates.csv
utility_gini,utility_kurtosis,0.1526166774158175,13959069,collapsed_2021_len20_window5_walks100_dim32_dine_utilities_dim17_age_income_node_covariates.csv
utility_gini,utility_skewness,0.6395471068135719,13959069,collapsed_2021_len20_window5_walks100_dim32_dine_utilities_dim17_age_income_node_covariates.csv
utility_gini,utility_strength,-0.4430091382968242,13959069,collapsed_2021_len20_window5_walks100_dim32_dine_utilities_dim17_age_income_node_covariates.csv
utility_gini,utility_variance,-0.2096801451176714,13959069,collapsed_2021_len20_window5_walks100_dim32_dine_utilities_dim17_age_income_node_covariates.csv
utility_hhi,age,0.5187030780667546,13959069,collapsed_2021_len20_window5_walks100_dim32_dine_utilities_dim17_age_income_node_covariates.csv
utility_hhi,income_percentile,-0.20093526666565245,13959069,collapsed_2021_len20_window5_walks100_dim32_dine_utilities_dim17_age_income_node_covariates.csv
utility_hhi,utility_gini,0.3571930943445514,13959069,collapsed_2021_len20_window5_walks100_dim32_dine_utilities_dim17_age_income_node_covariates.csv
utility_hhi,utility_kurtosis,0.05017760398030118,13959069,collapsed_2021_len20_window5_walks100_dim32_dine_utilities_dim17_age_income_node_covariates.csv
utility_hhi,utility_skewness,0.12853696546327173,13959069,collapsed_2021_len20_window5_walks100_dim32_dine_utilities_dim17_age_income_node_covariates.csv
utility_hhi,utility_strength,-0.05420036813736792,13959069,collapsed_2021_len20_window5_walks100_dim32_dine_utilities_dim17_age_income_node_covariates.csv
utility_hhi,utility_variance,-0.061770984935033156,13959069,collapsed_2021_len20_window5_walks100_dim32_dine_utilities_dim17_age_income_node_covariates.csv
utility_kurtosis,age,0.03279481712932469,13959069,collapsed_2021_len20_window5_walks100_dim32_dine_utilities_dim17_age_income_node_covariates.csv
utility_kurtosis,income_percentile,-0.04239571324067648,13959069,collapsed_2021_len20_window5_walks100_dim32_dine_utilities_dim17_age_income_node_covariates.csv
utility_kurtosis,utility_gini,0.1526166774158175,13959069,collapsed_2021_len20_window5_walks100_dim32_dine_utilities_dim17_age_income_node_covariates.csv
utility_kurtosis,utility_hhi,0.05017760398030118,13959069,collapsed_2021_len20_window5_walks100_dim32_dine_utilities_dim17_age_income_node_covariates.csv
utility_kurtosis,utility_skewness,0.6667394136201602,13959069,collapsed_2021_len20_window5_walks100_dim32_dine_utilities_dim17_age_income_node_covariates.csv
utility_kurtosis,utility_strength,-0.29246362391700387,13959069,collapsed_2021_len20_window5_walks100_dim32_dine_utilities_dim17_age_income_node_covariates.csv
utility_kurtosis,utility_variance,-0.343377769804824,13959069,collapsed_2021_len20_window5_walks100_dim32_dine_utilities_dim17_age_income_node_covariates.csv
utility_skewness,age,0.06153053037852923,13959069,collapsed_2021_len20_window5_walks100_dim32_dine_utilities_dim17_age_income_node_covariates.csv
utility_skewness,income_percentile,-0.08138152617262899,13959069,collapsed_2021_len20_window5_walks100_dim32_dine_utilities_dim17_age_income_node_covariates.csv
utility_skewness,utility_gini,0.6395471068135719,13959069,collapsed_2021_len20_window5_walks100_dim32_dine_utilities_dim17_age_income_node_covariates.csv
utility_skewness,utility_hhi,0.12853696546327173,13959069,collapsed_2021_len20_window5_walks100_dim32_dine_utilities_dim17_age_income_node_covariates.csv
utility_skewness,utility_kurtosis,0.6667394136201601,13959069,collapsed_2021_len20_window5_walks100_dim32_dine_utilities_dim17_age_income_node_covariates.csv
utility_skewness,utility_strength,-0.6349908979260639,13959069,collapsed_2021_len20_window5_walks100_dim32_dine_utilities_dim17_age_income_node_covariates.csv
utility_skewness,utility_variance,-0.5535761032298394,13959069,collapsed_2021_len20_window5_walks100_dim32_dine_utilities_dim17_age_income_node_covariates.csv
utility_strength,age,-0.04726563140237225,13959069,collapsed_2021_len20_window5_walks100_dim32_dine_utilities_dim17_age_income_node_covariates.csv
utility_strength,income_percentile,0.08417942633388233,13959069,collapsed_2021_len20_window5_walks100_dim32_dine_utilities_dim17_age_income_node_covariates.csv
utility_strength,utility_gini,-0.44300913829682415,13959069,collapsed_2021_len20_window5_walks100_dim32_dine_utilities_dim17_age_income_node_covariates.csv
utility_strength,utility_hhi,-0.05420036813736792,13959069,collapsed_2021_len20_window5_walks100_dim32_dine_utilities_dim17_age_income_node_covariates.csv
utility_strength,utility_kurtosis,-0.2924636239170039,13959069,collapsed_2021_len20_window5_walks100_dim32_dine_utilities_dim17_age_income_node_covariates.csv
utility_strength,utility_skewness,-0.6349908979260639,13959069,collapsed_2021_len20_window5_walks100_dim32_dine_utilities_dim17_age_income_node_covariates.csv
utility_strength,utility_variance,0.6565345423163634,13959069,collapsed_2021_len20_window5_walks100_dim32_dine_utilities_dim17_age_income_node_covariates.csv
utility_variance,age,-0.07018628072218555,13959069,collapsed_2021_len20_window5_walks100_dim32_dine_utilities_dim17_age_income_node_covariates.csv
utility_variance,income_percentile,0.11558658197446198,13959069,collapsed_2021_len20_window5_walks100_dim32_dine_utilities_dim17_age_income_node_covariates.csv
utility_variance,utility_gini,-0.20968014511767138,13959069,collapsed_2021_len20_window5_walks100_dim32_dine_utilities_dim17_age_income_node_covariates.csv
utility_variance,utility_hhi,-0.061770984935033156,13959069,collapsed_2021_len20_window5_walks100_dim32_dine_utilities_dim17_age_income_node_covariates.csv
utility_variance,utility_kurtosis,-0.34337776980482393,13959069,collapsed_2021_len20_window5_walks100_dim32_dine_utilities_dim17_age_income_node_covariates.csv
utility_variance,utility_skewness,-0.5535761032298394,13959069,collapsed_2021_len20_window5_walks100_dim32_dine_utilities_dim17_age_income_node_covariates.csv
utility_variance,utility_strength,0.6565345423163633,13959069,collapsed_2021_len20_window5_walks100_dim32_dine_utilities_dim17_age_income_node_covariates.csv
age,income_percentile,0.05850325048626819,13959069,collapsed_2021_len20_window5_walks100_dim32_dine_utilities_dim21_age_income_node_covariates.csv
age,utility_gini,0.11135337393323633,13959069,collapsed_2021_len20_window5_walks100_dim32_dine_utilities_dim21_age_income_node_covariates.csv
age,utility_hhi,0.512481188080994,13959069,collapsed_2021_len20_window5_walks100_dim32_dine_utilities_dim21_age_income_node_covariates.csv
age,utility_kurtosis,-0.012167814903613294,13959069,collapsed_2021_len20_window5_walks100_dim32_dine_utilities_dim21_age_income_node_covariates.csv
age,utility_skewness,-0.028150773569535027,13959069,collapsed_2021_len20_window5_walks100_dim32_dine_utilities_dim21_age_income_node_covariates.csv
age,utility_strength,0.050227068757285054,13959069,collapsed_2021_len20_window5_walks100_dim32_dine_utilities_dim21_age_income_node_covariates.csv
age,utility_variance,-0.0247397189802812,13959069,collapsed_2021_len20_window5_walks100_dim32_dine_utilities_dim21_age_income_node_covariates.csv
income_percentile,age,0.0585032504862682,13959069,collapsed_2021_len20_window5_walks100_dim32_dine_utilities_dim21_age_income_node_covariates.csv
income_percentile,utility_gini,0.011380326718701081,13959069,collapsed_2021_len20_window5_walks100_dim32_dine_utilities_dim21_age_income_node_covariates.csv
income_percentile,utility_hhi,-0.1882707910881351,13959069,collapsed_2021_len20_window5_walks100_dim32_dine_utilities_dim21_age_income_node_covariates.csv
income_percentile,utility_kurtosis,-0.008903315744369438,13959069,collapsed_2021_len20_window5_walks100_dim32_dine_utilities_dim21_age_income_node_covariates.csv
income_percentile,utility_skewness,0.03003453187911805,13959069,collapsed_2021_len20_window5_walks100_dim32_dine_utilities_dim21_age_income_node_covariates.csv
income_percentile,utility_strength,-0.016637895258155254,13959069,collapsed_2021_len20_window5_walks100_dim32_dine_utilities_dim21_age_income_node_covariates.csv
income_percentile,utility_variance,0.012494651831599892,13959069,collapsed_2021_len20_window5_walks100_dim32_dine_utilities_dim21_age_income_node_covariates.csv
utility_gini,age,0.11135337393323634,13959069,collapsed_2021_len20_window5_walks100_dim32_dine_utilities_dim21_age_income_node_covariates.csv
utility_gini,income_percentile,0.011380326718701081,13959069,collapsed_2021_len20_window5_walks100_dim32_dine_utilities_dim21_age_income_node_covariates.csv
utility_gini,utility_hhi,0.33085840560477053,13959069,collapsed_2021_len20_window5_walks100_dim32_dine_utilities_dim21_age_income_node_covariates.csv
utility_gini,utility_kurtosis,0.0698800007576004,13959069,collapsed_2021_len20_window5_walks100_dim32_dine_utilities_dim21_age_income_node_covariates.csv
utility_gini,utility_skewness,0.6307461730501523,13959069,collapsed_2021_len20_window5_walks100_dim32_dine_utilities_dim21_age_income_node_covariates.csv
utility_gini,utility_strength,-0.37759226007810504,13959069,collapsed_2021_len20_window5_walks100_dim32_dine_utilities_dim21_age_income_node_covariates.csv
utility_gini,utility_variance,-0.16906471591598027,13959069,collapsed_2021_len20_window5_walks100_dim32_dine_utilities_dim21_age_income_node_covariates.csv
utility_hhi,age,0.5124811880809939,13959069,collapsed_2021_len20_window5_walks100_dim32_dine_utilities_dim21_age_income_node_covariates.csv
utility_hhi,income_percentile,-0.18827079108813508,13959069,collapsed_2021_len20_window5_walks100_dim32_dine_utilities_dim21_age_income_node_covariates.csv
utility_hhi,utility_gini,0.33085840560477053,13959069,collapsed_2021_len20_window5_walks100_dim32_dine_utilities_dim21_age_income_node_covariates.csv
utility_hhi,utility_kurtosis,0.013638679437595497,13959069,collapsed_2021_len20_window5_walks100_dim32_dine_utilities_dim21_age_income_node_covariates.csv
utility_hhi,utility_skewness,0.07009173495112464,13959069,collapsed_2021_len20_window5_walks100_dim32_dine_utilities_dim21_age_income_node_covariates.csv
utility_hhi,utility_strength,0.02593273404819369,13959069,collapsed_2021_len20_window5_walks100_dim32_dine_utilities_dim21_age_income_node_covariates.csv
utility_hhi,utility_variance,-0.056232763889424525,13959069,collapsed_2021_len20_window5_walks100_dim32_dine_utilities_dim21_age_income_node_covariates.csv
utility_kurtosis,age,-0.012167814903613293,13959069,collapsed_2021_len20_window5_walks100_dim32_dine_utilities_dim21_age_income_node_covariates.csv
utility_kurtosis,income_percentile,-0.008903315744369438,13959069,collapsed_2021_len20_window5_walks100_dim32_dine_utilities_dim21_age_income_node_covariates.csv
utility_kurtosis,utility_gini,0.0698800007576004,13959069,collapsed_2021_len20_window5_walks100_dim32_dine_utilities_dim21_age_income_node_covariates.csv
utility_kurtosis,utility_hhi,0.013638679437595497,13959069,collapsed_2021_len20_window5_walks100_dim32_dine_utilities_dim21_age_income_node_covariates.csv
utility_kurtosis,utility_skewness,0.5848094862802528,13959069,collapsed_2021_len20_window5_walks100_dim32_dine_utilities_dim21_age_income_node_covariates.csv
utility_kurtosis,utility_strength,-0.19066157786308796,13959069,collapsed_2021_len20_window5_walks100_dim32_dine_utilities_dim21_age_income_node_covariates.csv
utility_kurtosis,utility_variance,-0.23769766985742874,13959069,collapsed_2021_len20_window5_walks100_dim32_dine_utilities_dim21_age_income_node_covariates.csv
utility_skewness,age,-0.028150773569535027,13959069,collapsed_2021_len20_window5_walks100_dim32_dine_utilities_dim21_age_income_node_covariates.csv
utility_skewness,income_percentile,0.03003453187911805,13959069,collapsed_2021_len20_window5_walks100_dim32_dine_utilities_dim21_age_income_node_covariates.csv
utility_skewness,utility_gini,0.6307461730501523,13959069,collapsed_2021_len20_window5_walks100_dim32_dine_utilities_dim21_age_income_node_covariates.csv
utility_skewness,utility_hhi,0.07009173495112464,13959069,collapsed_2021_len20_window5_walks100_dim32_dine_utilities_dim21_age_income_node_covariates.csv
utility_skewness,utility_kurtosis,0.5848094862802526,13959069,collapsed_2021_len20_window5_walks100_dim32_dine_utilities_dim21_age_income_node_covariates.csv
utility_skewness,utility_strength,-0.599492091537678,13959069,collapsed_2021_len20_window5_walks100_dim32_dine_utilities_dim21_age_income_node_covariates.csv
utility_skewness,utility_variance,-0.49311441579189436,13959069,collapsed_2021_len20_window5_walks100_dim32_dine_utilities_dim21_age_income_node_covariates.csv
utility_strength,age,0.050227068757285054,13959069,collapsed_2021_len20_window5_walks100_dim32_dine_utilities_dim21_age_income_node_covariates.csv
utility_strength,income_percentile,-0.016637895258155254,13959069,collapsed_2021_len20_window5_walks100_dim32_dine_utilities_dim21_age_income_node_covariates.csv
utility_strength,utility_gini,-0.37759226007810504,13959069,collapsed_2021_len20_window5_walks100_dim32_dine_utilities_dim21_age_income_node_covariates.csv
utility_strength,utility_hhi,0.02593273404819369,13959069,collapsed_2021_len20_window5_walks100_dim32_dine_utilities_dim21_age_income_node_covariates.csv
utility_strength,utility_kurtosis,-0.19066157786308793,13959069,collapsed_2021_len20_window5_walks100_dim32_dine_utilities_dim21_age_income_node_covariates.csv
utility_strength,utility_skewness,-0.599492091537678,13959069,collapsed_2021_len20_window5_walks100_dim32_dine_utilities_dim21_age_income_node_covariates.csv
utility_strength,utility_variance,0.6732001952966344,13959069,collapsed_2021_len20_window5_walks100_dim32_dine_utilities_dim21_age_income_node_covariates.csv
utility_variance,age,-0.0247397189802812,13959069,collapsed_2021_len20_window5_walks100_dim32_dine_utilities_dim21_age_income_node_covariates.csv
utility_variance,income_percentile,0.012494651831599894,13959069,collapsed_2021_len20_window5_walks100_dim32_dine_utilities_dim21_age_income_node_covariates.csv
utility_variance,utility_gini,-0.16906471591598027,13959069,collapsed_2021_len20_window5_walks100_dim32_dine_utilities_dim21_age_income_node_covariates.csv
utility_variance,utility_hhi,-0.056232763889424525,13959069,collapsed_2021_len20_window5_walks100_dim32_dine_utilities_dim21_age_income_node_covariates.csv
utility_variance,utility_kurtosis,-0.2376976698574287,13959069,collapsed_2021_len20_window5_walks100_dim32_dine_utilities_dim21_age_income_node_covariates.csv
utility_variance,utility_skewness,-0.4931144157918943,13959069,collapsed_2021_len20_window5_walks100_dim32_dine_utilities_dim21_age_income_node_covariates.csv
utility_variance,utility_strength,0.6732001952966344,13959069,collapsed_2021_len20_window5_walks100_dim32_dine_utilities_dim21_age_income_node_covariates.csv
age,income_percentile,0.05850325048626819,13959069,collapsed_2021_len20_window5_walks100_dim32_dine_utilities_dim27_age_income_node_covariates.csv
age,utility_gini,0.1496851798676953,13959069,collapsed_2021_len20_window5_walks100_dim32_dine_utilities_dim27_age_income_node_covariates.csv
age,utility_hhi,0.517806465302886,13959069,collapsed_2021_len20_window5_walks100_dim32_dine_utilities_dim27_age_income_node_covariates.csv
age,utility_kurtosis,0.08084423707281141,13959069,collapsed_2021_len20_window5_walks100_dim32_dine_utilities_dim27_age_income_node_covariates.csv
age,utility_skewness,0.07127188086839498,13959069,collapsed_2021_len20_window5_walks100_dim32_dine_utilities_dim27_age_income_node_covariates.csv
age,utility_strength,-0.102253046611054,13959069,collapsed_2021_len20_window5_walks100_dim32_dine_utilities_dim27_age_income_node_covariates.csv
age,utility_variance,-0.160191250873128,13959069,collapsed_2021_len20_window5_walks100_dim32_dine_utilities_dim27_age_income_node_covariates.csv
income_percentile,age,0.0585032504862682,13959069,collapsed_2021_len20_window5_walks100_dim32_dine_utilities_dim27_age_income_node_covariates.csv
income_percentile,utility_gini,0.07958776713427694,13959069,collapsed_2021_len20_window5_walks100_dim32_dine_utilities_dim27_age_income_node_covariates.csv
income_percentile,utility_hhi,-0.18070519962982104,13959069,collapsed_2021_len20_window5_walks100_dim32_dine_utilities_dim27_age_income_node_covariates.csv
income_percentile,utility_kurtosis,0.06612855320950538,13959069,collapsed_2021_len20_window5_walks100_dim32_dine_utilities_dim27_age_income_node_covariates.csv
income_percentile,utility_skewness,0.16161935617420353,13959069,collapsed_2021_len20_window5_walks100_dim32_dine_utilities_dim27_age_income_node_covariates.csv
income_percentile,utility_strength,-0.21654734113511237,13959069,collapsed_2021_len20_window5_walks100_dim32_dine_utilities_dim27_age_income_node_covariates.csv
income_percentile,utility_variance,-0.16427329374963245,13959069,collapsed_2021_len20_window5_walks100_dim32_dine_utilities_dim27_age_income_node_covariates.csv
utility_gini,age,0.14968517986769528,13959069,collapsed_2021_len20_window5_walks100_dim32_dine_utilities_dim27_age_income_node_covariates.csv
utility_gini,income_percentile,0.07958776713427695,13959069,collapsed_2021_len20_window5_walks100_dim32_dine_utilities_dim27_age_income_node_covariates.csv
utility_gini,utility_hhi,0.3379856958652133,13959069,collapsed_2021_len20_window5_walks100_dim32_dine_utilities_dim27_age_income_node_covariates.csv
utility_gini,utility_kurtosis,0.0512602240529858,13959069,collapsed_2021_len20_window5_walks100_dim32_dine_utilities_dim27_age_income_node_covariates.csv
utility_gini,utility_skewness,0.5575575004748529,13959069,collapsed_2021_len20_window5_walks100_dim32_dine_utilities_dim27_age_income_node_covariates.csv
utility_gini,utility_strength,-0.30060185927007876,13959069,collapsed_2021_len20_window5_walks100_dim32_dine_utilities_dim27_age_income_node_covariates.csv
utility_gini,utility_variance,-0.1303579840663133,13959069,collapsed_2021_len20_window5_walks100_dim32_dine_utilities_dim27_age_income_node_covariates.csv
utility_hhi,age,0.517806465302886,13959069,collapsed_2021_len20_window5_walks100_dim32_dine_utilities_dim27_age_income_node_covariates.csv
utility_hhi,income_percentile,-0.18070519962982104,13959069,collapsed_2021_len20_window5_walks100_dim32_dine_utilities_dim27_age_income_node_covariates.csv
utility_hhi,utility_gini,0.3379856958652133,13959069,collapsed_2021_len20_window5_walks100_dim32_dine_utilities_dim27_age_income_node_covariates.csv
utility_hhi,utility_kurtosis,0.06442068655456473,13959069,collapsed_2021_len20_window5_walks100_dim32_dine_utilities_dim27_age_income_node_covariates.csv
utility_hhi,utility_skewness,0.0865276794635985,13959069,collapsed_2021_len20_window5_walks100_dim32_dine_utilities_dim27_age_income_node_covariates.csv
utility_hhi,utility_strength,-0.014471939399658006,13959069,collapsed_2021_len20_window5_walks100_dim32_dine_utilities_dim27_age_income_node_covariates.csv
utility_hhi,utility_variance,-0.07518924770971289,13959069,collapsed_2021_len20_window5_walks100_dim32_dine_utilities_dim27_age_income_node_covariates.csv
utility_kurtosis,age,0.08084423707281141,13959069,collapsed_2021_len20_window5_walks100_dim32_dine_utilities_dim27_age_income_node_covariates.csv
utility_kurtosis,income_percentile,0.06612855320950538,13959069,collapsed_2021_len20_window5_walks100_dim32_dine_utilities_dim27_age_income_node_covariates.csv
utility_kurtosis,utility_gini,0.05126022405298581,13959069,collapsed_2021_len20_window5_walks100_dim32_dine_utilities_dim27_age_income_node_covariates.csv
utility_kurtosis,utility_hhi,0.06442068655456472,13959069,collapsed_2021_len20_window5_walks100_dim32_dine_utilities_dim27_age_income_node_covariates.csv
utility_kurtosis,utility_skewness,0.662648462335409,13959069,collapsed_2021_len20_window5_walks100_dim32_dine_utilities_dim27_age_income_node_covariates.csv
utility_kurtosis,utility_strength,-0.26971935373249756,13959069,collapsed_2021_len20_window5_walks100_dim32_dine_utilities_dim27_age_income_node_covariates.csv
utility_kurtosis,utility_variance,-0.3458320542834598,13959069,collapsed_2021_len20_window5_walks100_dim32_dine_utilities_dim27_age_income_node_covariates.csv
utility_skewness,age,0.07127188086839496,13959069,collapsed_2021_len20_window5_walks100_dim32_dine_utilities_dim27_age_income_node_covariates.csv
utility_skewness,income_percentile,0.16161935617420353,13959069,collapsed_2021_len20_window5_walks100_dim32_dine_utilities_dim27_age_income_node_covariates.csv
utility_skewness,utility_gini,0.5575575004748529,13959069,collapsed_2021_len20_window5_walks100_dim32_dine_utilities_dim27_age_income_node_covariates.csv
utility_skewness,utility_hhi,0.0865276794635985,13959069,collapsed_2021_len20_window5_walks100_dim32_dine_utilities_dim27_age_income_node_covariates.csv
utility_skewness,utility_kurtosis,0.662648462335409,13959069,collapsed_2021_len20_window5_walks100_dim32_dine_utilities_dim27_age_income_node_covariates.csv
utility_skewness,utility_strength,-0.553593814481502,13959069,collapsed_2021_len20_window5_walks100_dim32_dine_utilities_dim27_age_income_node_covariates.csv
utility_skewness,utility_variance,-0.5225292158148229,13959069,collapsed_2021_len20_window5_walks100_dim32_dine_utilities_dim27_age_income_node_covariates.csv
utility_strength,age,-0.10225304661105401,13959069,collapsed_2021_len20_window5_walks100_dim32_dine_utilities_dim27_age_income_node_covariates.csv
utility_strength,income_percentile,-0.21654734113511234,13959069,collapsed_2021_len20_window5_walks100_dim32_dine_utilities_dim27_age_income_node_covariates.csv
utility_strength,utility_gini,-0.3006018592700787,13959069,collapsed_2021_len20_window5_walks100_dim32_dine_utilities_dim27_age_income_node_covariates.csv
utility_strength,utility_hhi,-0.014471939399658004,13959069,collapsed_2021_len20_window5_walks100_dim32_dine_utilities_dim27_age_income_node_covariates.csv
utility_strength,utility_kurtosis,-0.26971935373249756,13959069,collapsed_2021_len20_window5_walks100_dim32_dine_utilities_dim27_age_income_node_covariates.csv
utility_strength,utility_skewness,-0.5535938144815021,13959069,collapsed_2021_len20_window5_walks100_dim32_dine_utilities_dim27_age_income_node_covariates.csv
utility_strength,utility_variance,0.6975867356534535,13959069,collapsed_2021_len20_window5_walks100_dim32_dine_utilities_dim27_age_income_node_covariates.csv
utility_variance,age,-0.160191250873128,13959069,collapsed_2021_len20_window5_walks100_dim32_dine_utilities_dim27_age_income_node_covariates.csv
utility_variance,income_percentile,-0.16427329374963245,13959069,collapsed_2021_len20_window5_walks100_dim32_dine_utilities_dim27_age_income_node_covariates.csv
utility_variance,utility_gini,-0.1303579840663133,13959069,collapsed_2021_len20_window5_walks100_dim32_dine_utilities_dim27_age_income_node_covariates.csv
utility_variance,utility_hhi,-0.07518924770971289,13959069,collapsed_2021_len20_window5_walks100_dim32_dine_utilities_dim27_age_income_node_covariates.csv
utility_variance,utility_kurtosis,-0.3458320542834598,13959069,collapsed_2021_len20_window5_walks100_dim32_dine_utilities_dim27_age_income_node_covariates.csv
utility_variance,utility_skewness,-0.5225292158148229,13959069,collapsed_2021_len20_window5_walks100_dim32_dine_utilities_dim27_age_income_node_covariates.csv
utility_variance,utility_strength,0.6975867356534535,13959069,collapsed_2021_len20_window5_walks100_dim32_dine_utilities_dim27_age_income_node_covariates.csv
age,income_percentile,0.05850325048626819,13959069,collapsed_2021_len20_window5_walks100_dim32_dine_utilities_dim3_age_income_node_covariates.csv
age,utility_gini,0.09381922266648685,13959069,collapsed_2021_len20_window5_walks100_dim32_dine_utilities_dim3_age_income_node_covariates.csv
age,utility_hhi,0.5147549390416477,13959069,collapsed_2021_len20_window5_walks100_dim32_dine_utilities_dim3_age_income_node_covariates.csv
age,utility_kurtosis,-0.01131294065244491,13959069,collapsed_2021_len20_window5_walks100_dim32_dine_utilities_dim3_age_income_node_covariates.csv
age,utility_skewness,-0.0484640559565568,13959069,collapsed_2021_len20_window5_walks100_dim32_dine_utilities_dim3_age_income_node_covariates.csv
age,utility_strength,0.0767380399018142,13959069,collapsed_2021_len20_window5_walks100_dim32_dine_utilities_dim3_age_income_node_covariates.csv
age,utility_variance,-0.003615015473435944,13959069,collapsed_2021_len20_window5_walks100_dim32_dine_utilities_dim3_age_income_node_covariates.csv
income_percentile,age,0.0585032504862682,13959069,collapsed_2021_len20_window5_walks100_dim32_dine_utilities_dim3_age_income_node_covariates.csv
income_percentile,utility_gini,-0.000804250859032783,13959069,collapsed_2021_len20_window5_walks100_dim32_dine_utilities_dim3_age_income_node_covariates.csv
income_percentile,utility_hhi,-0.189776833725477,13959069,collapsed_2021_len20_window5_walks100_dim32_dine_utilities_dim3_age_income_node_covariates.csv
income_percentile,utility_kurtosis,-0.01924372923987017,13959069,collapsed_2021_len20_window5_walks100_dim32_dine_utilities_dim3_age_income_node_covariates.csv
income_percentile,utility_skewness,0.01733683290810393,13959069,collapsed_2021_len20_window5_walks100_dim32_dine_utilities_dim3_age_income_node_covariates.csv
income_percentile,utility_strength,0.021278734279950938,13959069,collapsed_2021_len20_window5_walks100_dim32_dine_utilities_dim3_age_income_node_covariates.csv
income_percentile,utility_variance,0.022777870675295606,13959069,collapsed_2021_len20_window5_walks100_dim32_dine_utilities_dim3_age_income_node_covariates.csv
utility_gini,age,0.09381922266648685,13959069,collapsed_2021_len20_window5_walks100_dim32_dine_utilities_dim3_age_income_node_covariates.csv
utility_gini,income_percentile,-0.000804250859032783,13959069,collapsed_2021_len20_window5_walks100_dim32_dine_utilities_dim3_age_income_node_covariates.csv
utility_gini,utility_hhi,0.312703565291275,13959069,collapsed_2021_len20_window5_walks100_dim32_dine_utilities_dim3_age_income_node_covariates.csv
utility_gini,utility_kurtosis,-0.019032135915011916,13959069,collapsed_2021_len20_window5_walks100_dim32_dine_utilities_dim3_age_income_node_covariates.csv
utility_gini,utility_skewness,0.650588245872026,13959069,collapsed_2021_len20_window5_walks100_dim32_dine_utilities_dim3_age_income_node_covariates.csv
utility_gini,utility_strength,-0.4216155216665692,13959069,collapsed_2021_len20_window5_walks100_dim32_dine_utilities_dim3_age_income_node_covariates.csv
utility_gini,utility_variance,-0.17165522591766824,13959069,collapsed_2021_len20_window5_walks100_dim32_dine_utilities_dim3_age_income_node_covariates.csv
utility_hhi,age,0.5147549390416476,13959069,collapsed_2021_len20_window5_walks100_dim32_dine_utilities_dim3_age_income_node_covariates.csv
utility_hhi,income_percentile,-0.189776833725477,13959069,collapsed_2021_len20_window5_walks100_dim32_dine_utilities_dim3_age_income_node_covariates.csv
utility_hhi,utility_gini,0.31270356529127497,13959069,collapsed_2021_len20_window5_walks100_dim32_dine_utilities_dim3_age_income_node_covariates.csv
utility_hhi,utility_kurtosis,-0.019718875668381142,13959069,collapsed_2021_len20_window5_walks100_dim32_dine_utilities_dim3_age_income_node_covariates.csv
utility_hhi,utility_skewness,0.03734775181187601,13959069,collapsed_2021_len20_window5_walks100_dim32_dine_utilities_dim3_age_income_node_covariates.csv
utility_hhi,utility_strength,0.03458095435127337,13959069,collapsed_2021_len20_window5_walks100_dim32_dine_utilities_dim3_age_income_node_covariates.csv
utility_hhi,utility_variance,-0.031112334378115516,13959069,collapsed_2021_len20_window5_walks100_dim32_dine_utilities_dim3_age_income_node_covariates.csv
utility_kurtosis,age,-0.01131294065244491,13959069,collapsed_2021_len20_window5_walks100_dim32_dine_utilities_dim3_age_income_node_covariates.csv
utility_kurtosis,income_percentile,-0.01924372923987017,13959069,collapsed_2021_len20_window5_walks100_dim32_dine_utilities_dim3_age_income_node_covariates.csv
utility_kurtosis,utility_gini,-0.01903213591501192,13959069,collapsed_2021_len20_window5_walks100_dim32_dine_utilities_dim3_age_income_node_covariates.csv
utility_kurtosis,utility_hhi,-0.019718875668381142,13959069,collapsed_2021_len20_window5_walks100_dim32_dine_utilities_dim3_age_income_node_covariates.csv
utility_kurtosis,utility_skewness,0.45628944689862416,13959069,collapsed_2021_len20_window5_walks100_dim32_dine_utilities_dim3_age_income_node_covariates.csv
utility_kurtosis,utility_strength,-0.04795496667320289,13959069,collapsed_2021_len20_window5_walks100_dim32_dine_utilities_dim3_age_income_node_covariates.csv
utility_kurtosis,utility_variance,-0.10113393393815073,13959069,collapsed_2021_len20_window5_walks100_dim32_dine_utilities_dim3_age_income_node_covariates.csv
utility_skewness,age,-0.04846405595655679,13959069,collapsed_2021_len20_window5_walks100_dim32_dine_utilities_dim3_age_income_node_covariates.csv
utility_skewness,income_percentile,0.01733683290810393,13959069,collapsed_2021_len20_window5_walks100_dim32_dine_utilities_dim3_age_income_node_covariates.csv
utility_skewness,utility_gini,0.650588245872026,13959069,collapsed_2021_len20_window5_walks100_dim32_dine_utilities_dim3_age_income_node_covariates.csv
utility_skewness,utility_hhi,0.037347751811876016,13959069,collapsed_2021_len20_window5_walks100_dim32_dine_utilities_dim3_age_income_node_covariates.csv
utility_skewness,utility_kurtosis,0.4562894468986242,13959069,collapsed_2021_len20_window5_walks100_dim32_dine_utilities_dim3_age_income_node_covariates.csv
utility_skewness,utility_strength,-0.6002619935273787,13959069,collapsed_2021_len20_window5_walks100_dim32_dine_utilities_dim3_age_income_node_covariates.csv
utility_skewness,utility_variance,-0.443652854768542,13959069,collapsed_2021_len20_window5_walks100_dim32_dine_utilities_dim3_age_income_node_covariates.csv
utility_strength,age,0.07673803990181419,13959069,collapsed_2021_len20_window5_walks100_dim32_dine_utilities_dim3_age_income_node_covariates.csv
utility_strength,income_percentile,0.021278734279950938,13959069,collapsed_2021_len20_window5_walks100_dim32_dine_utilities_dim3_age_income_node_covariates.csv
utility_strength,utility_gini,-0.4216155216665691,13959069,collapsed_2021_len20_window5_walks100_dim32_dine_utilities_dim3_age_income_node_covariates.csv
utility_strength,utility_hhi,0.03458095435127337,13959069,collapsed_2021_len20_window5_walks100_dim32_dine_utilities_dim3_age_income_node_covariates.csv
utility_strength,utility_kurtosis,-0.0479549666732029,13959069,collapsed_2021_len20_window5_walks100_dim32_dine_utilities_dim3_age_income_node_covariates.csv
utility_strength,utility_skewness,-0.6002619935273787,13959069,collapsed_2021_len20_window5_walks100_dim32_dine_utilities_dim3_age_income_node_covariates.csv
utility_strength,utility_variance,0.6237334092513187,13959069,collapsed_2021_len20_window5_walks100_dim32_dine_utilities_dim3_age_income_node_covariates.csv
utility_variance,age,-0.0036150154734359446,13959069,collapsed_2021_len20_window5_walks100_dim32_dine_utilities_dim3_age_income_node_covariates.csv
utility_variance,income_percentile,0.022777870675295606,13959069,collapsed_2021_len20_window5_walks100_dim32_dine_utilities_dim3_age_income_node_covariates.csv
utility_variance,utility_gini,-0.17165522591766827,13959069,collapsed_2021_len20_window5_walks100_dim32_dine_utilities_dim3_age_income_node_covariates.csv
utility_variance,utility_hhi,-0.031112334378115516,13959069,collapsed_2021_len20_window5_walks100_dim32_dine_utilities_dim3_age_income_node_covariates.csv
utility_variance,utility_kurtosis,-0.10113393393815073,13959069,collapsed_2021_len20_window5_walks100_dim32_dine_utilities_dim3_age_income_node_covariates.csv
utility_variance,utility_skewness,-0.443652854768542,13959069,collapsed_2021_len20_window5_walks100_dim32_dine_utilities_dim3_age_income_node_covariates.csv
utility_variance,utility_strength,0.6237334092513188,13959069,collapsed_2021_len20_window5_walks100_dim32_dine_utilities_dim3_age_income_node_covariates.csv
age,income_percentile,0.05605646931135745,14159990,collapsed_2022_len20_window2_walks100_dim32_dine_utilities_dim12_age_income_node_covariates.csv
age,utility_gini,0.1104281186594326,14159990,collapsed_2022_len20_window2_walks100_dim32_dine_utilities_dim12_age_income_node_covariates.csv
age,utility_hhi,0.5273007872978023,14159990,collapsed_2022_len20_window2_walks100_dim32_dine_utilities_dim12_age_income_node_covariates.csv
age,utility_kurtosis,0.06448156555789436,14159990,collapsed_2022_len20_window2_walks100_dim32_dine_utilities_dim12_age_income_node_covariates.csv
age,utility_skewness,0.02028544464565886,14159990,collapsed_2022_len20_window2_walks100_dim32_dine_utilities_dim12_age_income_node_covariates.csv
age,utility_strength,-0.042897830405288245,14159990,collapsed_2022_len20_window2_walks100_dim32_dine_utilities_dim12_age_income_node_covariates.csv
age,utility_variance,-0.09249440754633464,14159990,collapsed_2022_len20_window2_walks100_dim32_dine_utilities_dim12_age_income_node_covariates.csv
income_percentile,age,0.05605646931135745,14159990,collapsed_2022_len20_window2_walks100_dim32_dine_utilities_dim12_age_income_node_covariates.csv
income_percentile,utility_gini,0.04403458209039199,14159990,collapsed_2022_len20_window2_walks100_dim32_dine_utilities_dim12_age_income_node_covariates.csv
income_percentile,utility_hhi,-0.18913888821896813,14159990,collapsed_2022_len20_window2_walks100_dim32_dine_utilities_dim12_age_income_node_covariates.csv
income_percentile,utility_kurtosis,-0.045185058931064975,14159990,collapsed_2022_len20_window2_walks100_dim32_dine_utilities_dim12_age_income_node_covariates.csv
income_percentile,utility_skewness,0.035045663124714306,14159990,collapsed_2022_len20_window2_walks100_dim32_dine_utilities_dim12_age_income_node_covariates.csv
income_percentile,utility_strength,-0.0441664830988079,14159990,collapsed_2022_len20_window2_walks100_dim32_dine_utilities_dim12_age_income_node_covariates.csv
income_percentile,utility_variance,0.03932112399092503,14159990,collapsed_2022_len20_window2_walks100_dim32_dine_utilities_dim12_age_income_node_covariates.csv
utility_gini,age,0.11042811865943258,14159990,collapsed_2022_len20_window2_walks100_dim32_dine_utilities_dim12_age_income_node_covariates.csv
utility_gini,income_percentile,0.04403458209039198,14159990,collapsed_2022_len20_window2_walks100_dim32_dine_utilities_dim12_age_income_node_covariates.csv
utility_gini,utility_hhi,0.2699973860919934,14159990,collapsed_2022_len20_window2_walks100_dim32_dine_utilities_dim12_age_income_node_covariates.csv
utility_gini,utility_kurtosis,-0.13155373022980002,14159990,collapsed_2022_len20_window2_walks100_dim32_dine_utilities_dim12_age_income_node_covariates.csv
utility_gini,utility_skewness,0.7670348357071087,14159990,collapsed_2022_len20_window2_walks100_dim32_dine_utilities_dim12_age_income_node_covariates.csv
utility_gini,utility_strength,-0.5599367593640521,14159990,collapsed_2022_len20_window2_walks100_dim32_dine_utilities_dim12_age_income_node_covariates.csv
utility_gini,utility_variance,-0.29708880646959634,14159990,collapsed_2022_len20_window2_walks100_dim32_dine_utilities_dim12_age_income_node_covariates.csv
utility_hhi,age,0.5273007872978023,14159990,collapsed_2022_len20_window2_walks100_dim32_dine_utilities_dim12_age_income_node_covariates.csv
utility_hhi,income_percentile,-0.18913888821896815,14159990,collapsed_2022_len20_window2_walks100_dim32_dine_utilities_dim12_age_income_node_covariates.csv
utility_hhi,utility_gini,0.2699973860919934,14159990,collapsed_2022_len20_window2_walks100_dim32_dine_utilities_dim12_age_income_node_covariates.csv
utility_hhi,utility_kurtosis,0.07424951535412946,14159990,collapsed_2022_len20_window2_walks100_dim32_dine_utilities_dim12_age_income_node_covariates.csv
utility_hhi,utility_skewness,0.08370976749342736,14159990,collapsed_2022_len20_window2_walks100_dim32_dine_utilities_dim12_age_income_node_covariates.csv
utility_hhi,utility_strength,-0.05865659992979426,14159990,collapsed_2022_len20_window2_walks100_dim32_dine_utilities_dim12_age_income_node_covariates.csv
utility_hhi,utility_variance,-0.11653792472513451,14159990,collapsed_2022_len20_window2_walks100_dim32_dine_utilities_dim12_age_income_node_covariates.csv
utility_kurtosis,age,0.06448156555789436,14159990,collapsed_2022_len20_window2_walks100_dim32_dine_utilities_dim12_age_income_node_covariates.csv
utility_kurtosis,income_percentile,-0.045185058931064975,14159990,collapsed_2022_len20_window2_walks100_dim32_dine_utilities_dim12_age_income_node_covariates.csv
utility_kurtosis,utility_gini,-0.1315537302298,14159990,collapsed_2022_len20_window2_walks100_dim32_dine_utilities_dim12_age_income_node_covariates.csv
utility_kurtosis,utility_hhi,0.07424951535412946,14159990,collapsed_2022_len20_window2_walks100_dim32_dine_utilities_dim12_age_income_node_covariates.csv
utility_kurtosis,utility_skewness,0.18217101890124676,14159990,collapsed_2022_len20_window2_walks100_dim32_dine_utilities_dim12_age_income_node_covariates.csv
utility_kurtosis,utility_strength,-0.03135327675827733,14159990,collapsed_2022_len20_window2_walks100_dim32_dine_utilities_dim12_age_income_node_covariates.csv
utility_kurtosis,utility_variance,-0.21901658680489572,14159990,collapsed_2022_len20_window2_walks100_dim32_dine_utilities_dim12_age_income_node_covariates.csv
utility_skewness,age,0.02028544464565886,14159990,collapsed_2022_len20_window2_walks100_dim32_dine_utilities_dim12_age_income_node_covariates.csv
utility_skewness,income_percentile,0.0350456631247143,14159990,collapsed_2022_len20_window2_walks100_dim32_dine_utilities_dim12_age_income_node_covariates.csv
utility_skewness,utility_gini,0.7670348357071086,14159990,collapsed_2022_len20_window2_walks100_dim32_dine_utilities_dim12_age_income_node_covariates.csv
utility_skewness,utility_hhi,0.08370976749342735,14159990,collapsed_2022_len20_window2_walks100_dim32_dine_utilities_dim12_age_income_node_covariates.csv
utility_skewness,utility_kurtosis,0.18217101890124676,14159990,collapsed_2022_len20_window2_walks100_dim32_dine_utilities_dim12_age_income_node_covariates.csv
utility_skewness,utility_strength,-0.6680851498185781,14159990,collapsed_2022_len20_window2_walks100_dim32_dine_utilities_dim12_age_income_node_covariates.csv
utility_skewness,utility_variance,-0.5380919244570984,14159990,collapsed_2022_len20_window2_walks100_dim32_dine_utilities_dim12_age_income_node_covariates.csv
utility_strength,age,-0.042897830405288245,14159990,collapsed_2022_len20_window2_walks100_dim32_dine_utilities_dim12_age_income_node_covariates.csv
utility_strength,income_percentile,-0.0441664830988079,14159990,collapsed_2022_len20_window2_walks100_dim32_dine_utilities_dim12_age_income_node_covariates.csv
utility_strength,utility_gini,-0.5599367593640521,14159990,collapsed_2022_len20_window2_walks100_dim32_dine_utilities_dim12_age_income_node_covariates.csv
utility_strength,utility_hhi,-0.05865659992979426,14159990,collapsed_2022_len20_window2_walks100_dim32_dine_utilities_dim12_age_income_node_covariates.csv
utility_strength,utility_kurtosis,-0.03135327675827733,14159990,collapsed_2022_len20_window2_walks100_dim32_dine_utilities_dim12_age_income_node_covariates.csv
utility_strength,utility_skewness,-0.6680851498185781,14159990,collapsed_2022_len20_window2_walks100_dim32_dine_utilities_dim12_age_income_node_covariates.csv
utility_strength,utility_variance,0.6438548617696778,14159990,collapsed_2022_len20_window2_walks100_dim32_dine_utilities_dim12_age_income_node_covariates.csv
utility_variance,age,-0.09249440754633466,14159990,collapsed_2022_len20_window2_walks100_dim32_dine_utilities_dim12_age_income_node_covariates.csv
utility_variance,income_percentile,0.03932112399092503,14159990,collapsed_2022_len20_window2_walks100_dim32_dine_utilities_dim12_age_income_node_covariates.csv
utility_variance,utility_gini,-0.29708880646959634,14159990,collapsed_2022_len20_window2_walks100_dim32_dine_utilities_dim12_age_income_node_covariates.csv
utility_variance,utility_hhi,-0.1165379247251345,14159990,collapsed_2022_len20_window2_walks100_dim32_dine_utilities_dim12_age_income_node_covariates.csv
utility_variance,utility_kurtosis,-0.21901658680489572,14159990,collapsed_2022_len20_window2_walks100_dim32_dine_utilities_dim12_age_income_node_covariates.csv
utility_variance,utility_skewness,-0.5380919244570983,14159990,collapsed_2022_len20_window2_walks100_dim32_dine_utilities_dim12_age_income_node_covariates.csv
utility_variance,utility_strength,0.6438548617696777,14159990,collapsed_2022_len20_window2_walks100_dim32_dine_utilities_dim12_age_income_node_covariates.csv
age,income_percentile,0.05605646931135745,14159990,collapsed_2022_len20_window2_walks100_dim32_dine_utilities_dim17_age_income_node_covariates.csv
age,utility_gini,0.07611542884412562,14159990,collapsed_2022_len20_window2_walks100_dim32_dine_utilities_dim17_age_income_node_covariates.csv
age,utility_hhi,0.5236605027922221,14159990,collapsed_2022_len20_window2_walks100_dim32_dine_utilities_dim17_age_income_node_covariates.csv
age,utility_kurtosis,0.06258965735128398,14159990,collapsed_2022_len20_window2_walks100_dim32_dine_utilities_dim17_age_income_node_covariates.csv
age,utility_skewness,-0.024154615442126468,14159990,collapsed_2022_len20_window2_walks100_dim32_dine_utilities_dim17_age_income_node_covariates.csv
age,utility_strength,0.07428539494647557,14159990,collapsed_2022_len20_window2_walks100_dim32_dine_utilities_dim17_age_income_node_covariates.csv
age,utility_variance,-0.04371888524200606,14159990,collapsed_2022_len20_window2_walks100_dim32_dine_utilities_dim17_age_income_node_covariates.csv
income_percentile,age,0.05605646931135745,14159990,collapsed_2022_len20_window2_walks100_dim32_dine_utilities_dim17_age_income_node_covariates.csv
income_percentile,utility_gini,0.02397659148644257,14159990,collapsed_2022_len20_window2_walks100_dim32_dine_utilities_dim17_age_income_node_covariates.csv
income_percentile,utility_hhi,-0.19262371276441206,14159990,collapsed_2022_len20_window2_walks100_dim32_dine_utilities_dim17_age_income_node_covariates.csv
income_percentile,utility_kurtosis,-0.07580448618315094,14159990,collapsed_2022_len20_window2_walks100_dim32_dine_utilities_dim17_age_income_node_covariates.csv
income_percentile,utility_skewness,0.007564752868691584,14159990,collapsed_2022_len20_window2_walks100_dim32_dine_utilities_dim17_age_income_node_covariates.csv
income_percentile,utility_strength,0.002506177774825606,14159990,collapsed_2022_len20_window2_walks100_dim32_dine_utilities_dim17_age_income_node_covariates.csv
income_percentile,utility_variance,0.06312966623017949,14159990,collapsed_2022_len20_window2_walks100_dim32_dine_utilities_dim17_age_income_node_covariates.csv
utility_gini,age,0.07611542884412562,14159990,collapsed_2022_len20_window2_walks100_dim32_dine_utilities_dim17_age_income_node_covariates.csv
utility_gini,income_percentile,0.023976591486442572,14159990,collapsed_2022_len20_window2_walks100_dim32_dine_utilities_dim17_age_income_node_covariates.csv
utility_gini,utility_hhi,0.26640988395280796,14159990,collapsed_2022_len20_window2_walks100_dim32_dine_utilities_dim17_age_income_node_covariates.csv
utility_gini,utility_kurtosis,-0.01014278880770475,14159990,collapsed_2022_len20_window2_walks100_dim32_dine_utilities_dim17_age_income_node_covariates.csv
utility_gini,utility_skewness,0.7303634922771232,14159990,collapsed_2022_len20_window2_walks100_dim32_dine_utilities_dim17_age_income_node_covariates.csv
utility_gini,utility_strength,-0.4845882315050132,14159990,collapsed_2022_len20_window2_walks100_dim32_dine_utilities_dim17_age_income_node_covariates.csv
utility_gini,utility_variance,-0.3011552279673798,14159990,collapsed_2022_len20_window2_walks100_dim32_dine_utilities_dim17_age_income_node_covariates.csv
utility_hhi,age,0.5236605027922222,14159990,collapsed_2022_len20_window2_walks100_dim32_dine_utilities_dim17_age_income_node_covariates.csv
utility_hhi,income_percentile,-0.19262371276441204,14159990,collapsed_2022_len20_window2_walks100_dim32_dine_utilities_dim17_age_income_node_covariates.csv
utility_hhi,utility_gini,0.26640988395280796,14159990,collapsed_2022_len20_window2_walks100_dim32_dine_utilities_dim17_age_income_node_covariates.csv
utility_hhi,utility_kurtosis,0.11017191844296151,14159990,collapsed_2022_len20_window2_walks100_dim32_dine_utilities_dim17_age_income_node_covariates.csv
utility_hhi,utility_skewness,0.08115381734632274,14159990,collapsed_2022_len20_window2_walks100_dim32_dine_utilities_dim17_age_income_node_covariates.csv
utility_hhi,utility_strength,0.029676346407855974,14159990,collapsed_2022_len20_window2_walks100_dim32_dine_utilities_dim17_age_income_node_covariates.csv
utility_hhi,utility_variance,-0.12863319966656708,14159990,collapsed_2022_len20_window2_walks100_dim32_dine_utilities_dim17_age_income_node_covariates.csv
utility_kurtosis,age,0.06258965735128398,14159990,collapsed_2022_len20_window2_walks100_dim32_dine_utilities_dim17_age_income_node_covariates.csv
utility_kurtosis,income_percentile,-0.07580448618315094,14159990,collapsed_2022_len20_window2_walks100_dim32_dine_utilities_dim17_age_income_node_covariates.csv
utility_kurtosis,utility_gini,-0.010142788807704748,14159990,collapsed_2022_len20_window2_walks100_dim32_dine_utilities_dim17_age_income_node_covariates.csv
utility_kurtosis,utility_hhi,0.11017191844296151,14159990,collapsed_2022_len20_window2_walks100_dim32_dine_utilities_dim17_age_income_node_covariates.csv
utility_kurtosis,utility_skewness,0.3811736215040764,14159990,collapsed_2022_len20_window2_walks100_dim32_dine_utilities_dim17_age_income_node_covariates.csv
utility_kurtosis,utility_strength,-0.16722857474272032,14159990,collapsed_2022_len20_window2_walks100_dim32_dine_utilities_dim17_age_income_node_covariates.csv
utility_kurtosis,utility_variance,-0.29616649091248876,14159990,collapsed_2022_len20_window2_walks100_dim32_dine_utilities_dim17_age_income_node_covariates.csv
utility_skewness,age,-0.024154615442126468,14159990,collapsed_2022_len20_window2_walks100_dim32_dine_utilities_dim17_age_income_node_covariates.csv
utility_skewness,income_percentile,0.007564752868691585,14159990,collapsed_2022_len20_window2_walks100_dim32_dine_utilities_dim17_age_income_node_covariates.csv
utility_skewness,utility_gini,0.7303634922771232,14159990,collapsed_2022_len20_window2_walks100_dim32_dine_utilities_dim17_age_income_node_covariates.csv
utility_skewness,utility_hhi,0.08115381734632272,14159990,collapsed_2022_len20_window2_walks100_dim32_dine_utilities_dim17_age_income_node_covariates.csv
utility_skewness,utility_kurtosis,0.3811736215040764,14159990,collapsed_2022_len20_window2_walks100_dim32_dine_utilities_dim17_age_income_node_covariates.csv
utility_skewness,utility_strength,-0.6345437584731723,14159990,collapsed_2022_len20_window2_walks100_dim32_dine_utilities_dim17_age_income_node_covariates.csv
utility_skewness,utility_variance,-0.5498727133485274,14159990,collapsed_2022_len20_window2_walks100_dim32_dine_utilities_dim17_age_income_node_covariates.csv
utility_strength,age,0.07428539494647557,14159990,collapsed_2022_len20_window2_walks100_dim32_dine_utilities_dim17_age_income_node_covariates.csv
utility_strength,income_percentile,0.0025061777748256056,14159990,collapsed_2022_len20_window2_walks100_dim32_dine_utilities_dim17_age_income_node_covariates.csv
utility_strength,utility_gini,-0.48458823150501323,14159990,collapsed_2022_len20_window2_walks100_dim32_dine_utilities_dim17_age_income_node_covariates.csv
utility_strength,utility_hhi,0.029676346407855974,14159990,collapsed_2022_len20_window2_walks100_dim32_dine_utilities_dim17_age_income_node_covariates.csv
utility_strength,utility_kurtosis,-0.16722857474272032,14159990,collapsed_2022_len20_window2_walks100_dim32_dine_utilities_dim17_age_income_node_covariates.csv
utility_strength,utility_skewness,-0.6345437584731725,14159990,collapsed_2022_len20_window2_walks100_dim32_dine_utilities_dim17_age_income_node_covariates.csv
utility_strength,utility_variance,0.7006684447120408,14159990,collapsed_2022_len20_window2_walks100_dim32_dine_utilities_dim17_age_income_node_covariates.csv
utility_variance,age,-0.04371888524200606,14159990,collapsed_2022_len20_window2_walks100_dim32_dine_utilities_dim17_age_income_node_covariates.csv
utility_variance,income_percentile,0.06312966623017949,14159990,collapsed_2022_len20_window2_walks100_dim32_dine_utilities_dim17_age_income_node_covariates.csv
utility_variance,utility_gini,-0.30115522796737987,14159990,collapsed_2022_len20_window2_walks100_dim32_dine_utilities_dim17_age_income_node_covariates.csv
utility_variance,utility_hhi,-0.1286331996665671,14159990,collapsed_2022_len20_window2_walks100_dim32_dine_utilities_dim17_age_income_node_covariates.csv
utility_variance,utility_kurtosis,-0.2961664909124887,14159990,collapsed_2022_len20_window2_walks100_dim32_dine_utilities_dim17_age_income_node_covariates.csv
utility_variance,utility_skewness,-0.5498727133485274,14159990,collapsed_2022_len20_window2_walks100_dim32_dine_utilities_dim17_age_income_node_covariates.csv
utility_variance,utility_strength,0.7006684447120408,14159990,collapsed_2022_len20_window2_walks100_dim32_dine_utilities_dim17_age_income_node_covariates.csv
age,income_percentile,0.05605646931135745,14159990,collapsed_2022_len20_window2_walks100_dim32_dine_utilities_dim18_age_income_node_covariates.csv
age,utility_gini,0.0684131921668385,14159990,collapsed_2022_len20_window2_walks100_dim32_dine_utilities_dim18_age_income_node_covariates.csv
age,utility_hhi,0.5219000854317746,14159990,collapsed_2022_len20_window2_walks100_dim32_dine_utilities_dim18_age_income_node_covariates.csv
age,utility_kurtosis,0.04581681793223166,14159990,collapsed_2022_len20_window2_walks100_dim32_dine_utilities_dim18_age_income_node_covariates.csv
age,utility_skewness,-0.0417566049539641,14159990,collapsed_2022_len20_window2_walks100_dim32_dine_utilities_dim18_age_income_node_covariates.csv
age,utility_strength,0.06858667487085528,14159990,collapsed_2022_len20_window2_walks100_dim32_dine_utilities_dim18_age_income_node_covariates.csv
age,utility_variance,-0.029696363483907404,14159990,collapsed_2022_len20_window2_walks100_dim32_dine_utilities_dim18_age_income_node_covariates.csv
income_percentile,age,0.05605646931135745,14159990,collapsed_2022_len20_window2_walks100_dim32_dine_utilities_dim18_age_income_node_covariates.csv
income_percentile,utility_gini,-0.00455732759166106,14159990,collapsed_2022_len20_window2_walks100_dim32_dine_utilities_dim18_age_income_node_covariates.csv
income_percentile,utility_hhi,-0.1946189871028846,14159990,collapsed_2022_len20_window2_walks100_dim32_dine_utilities_dim18_age_income_node_covariates.csv
income_percentile,utility_kurtosis,-0.08419181785980455,14159990,collapsed_2022_len20_window2_walks100_dim32_dine_utilities_dim18_age_income_node_covariates.csv
income_percentile,utility_skewness,-0.01966233807472597,14159990,collapsed_2022_len20_window2_walks100_dim32_dine_utilities_dim18_age_income_node_covariates.csv
income_percentile,utility_strength,0.06637933682891868,14159990,collapsed_2022_len20_window2_walks100_dim32_dine_utilities_dim18_age_income_node_covariates.csv
income_percentile,utility_variance,0.10754856381971853,14159990,collapsed_2022_len20_window2_walks100_dim32_dine_utilities_dim18_age_income_node_covariates.csv
utility_gini,age,0.06841319216683851,14159990,collapsed_2022_len20_window2_walks100_dim32_dine_utilities_dim18_age_income_node_covariates.csv
utility_gini,income_percentile,-0.00455732759166106,14159990,collapsed_2022_len20_window2_walks100_dim32_dine_utilities_dim18_age_income_node_covariates.csv
utility_gini,utility_hhi,0.28902209553064323,14159990,collapsed_2022_len20_window2_walks100_dim32_dine_utilities_dim18_age_income_node_covariates.csv
utility_gini,utility_kurtosis,-0.09418496498992882,14159990,collapsed_2022_len20_window2_walks100_dim32_dine_utilities_dim18_age_income_node_covariates.csv
utility_gini,utility_skewness,0.7472951446104461,14159990,collapsed_2022_len20_window2_walks100_dim32_dine_utilities_dim18_age_income_node_covariates.csv
utility_gini,utility_strength,-0.5214188106976366,14159990,collapsed_2022_len20_window2_walks100_dim32_dine_utilities_dim18_age_income_node_covariates.csv
utility_gini,utility_variance,-0.2743609151403806,14159990,collapsed_2022_len20_window2_walks100_dim32_dine_utilities_dim18_age_income_node_covariates.csv
utility_hhi,age,0.5219000854317747,14159990,collapsed_2022_len20_window2_walks100_dim32_dine_utilities_dim18_age_income_node_covariates.csv
utility_hhi,income_percentile,-0.19461898710288464,14159990,collapsed_2022_len20_window2_walks100_dim32_dine_utilities_dim18_age_income_node_covariates.csv
utility_hhi,utility_gini,0.2890220955306432,14159990,collapsed_2022_len20_window2_walks100_dim32_dine_utilities_dim18_age_income_node_covariates.csv
utility_hhi,utility_kurtosis,0.08439550378767406,14159990,collapsed_2022_len20_window2_walks100_dim32_dine_utilities_dim18_age_income_node_covariates.csv
utility_hhi,utility_skewness,0.094506773632862,14159990,collapsed_2022_len20_window2_walks100_dim32_dine_utilities_dim18_age_income_node_covariates.csv
utility_hhi,utility_strength,-0.032062744568829286,14159990,collapsed_2022_len20_window2_walks100_dim32_dine_utilities_dim18_age_income_node_covariates.csv
utility_hhi,utility_variance,-0.14514220262919622,14159990,collapsed_2022_len20_window2_walks100_dim32_dine_utilities_dim18_age_income_node_covariates.csv
utility_kurtosis,age,0.045816817932231656,14159990,collapsed_2022_len20_window2_walks100_dim32_dine_utilities_dim18_age_income_node_covariates.csv
utility_kurtosis,income_percentile,-0.08419181785980455,14159990,collapsed_2022_len20_window2_walks100_dim32_dine_utilities_dim18_age_income_node_covariates.csv
utility_kurtosis,utility_gini,-0.09418496498992883,14159990,collapsed_2022_len20_window2_walks100_dim32_dine_utilities_dim18_age_income_node_covariates.csv
utility_kurtosis,utility_hhi,0.08439550378767408,14159990,collapsed_2022_len20_window2_walks100_dim32_dine_utilities_dim18_age_income_node_covariates.csv
utility_kurtosis,utility_skewness,0.24408539766358475,14159990,collapsed_2022_len20_window2_walks100_dim32_dine_utilities_dim18_age_income_node_covariates.csv
utility_kurtosis,utility_strength,-0.08021756464501488,14159990,collapsed_2022_len20_window2_walks100_dim32_dine_utilities_dim18_age_income_node_covariates.csv
utility_kurtosis,utility_variance,-0.25808218237704506,14159990,collapsed_2022_len20_window2_walks100_dim32_dine_utilities_dim18_age_income_node_covariates.csv
utility_skewness,age,-0.041756604953964105,14159990,collapsed_2022_len20_window2_walks100_dim32_dine_utilities_dim18_age_income_node_covariates.csv
utility_skewness,income_percentile,-0.019662338074725966,14159990,collapsed_2022_len20_window2_walks100_dim32_dine_utilities_dim18_age_income_node_covariates.csv
utility_skewness,utility_gini,0.7472951446104461,14159990,collapsed_2022_len20_window2_walks100_dim32_dine_utilities_dim18_age_income_node_covariates.csv
utility_skewness,utility_hhi,0.094506773632862,14159990,collapsed_2022_len20_window2_walks100_dim32_dine_utilities_dim18_age_income_node_covariates.csv
utility_skewness,utility_kurtosis,0.24408539766358475,14159990,collapsed_2022_len20_window2_walks100_dim32_dine_utilities_dim18_age_income_node_covariates.csv
utility_skewness,utility_strength,-0.6587910061123214,14159990,collapsed_2022_len20_window2_walks100_dim32_dine_utilities_dim18_age_income_node_covariates.csv
utility_skewness,utility_variance,-0.5244088752524858,14159990,collapsed_2022_len20_window2_walks100_dim32_dine_utilities_dim18_age_income_node_covariates.csv
utility_strength,age,0.06858667487085528,14159990,collapsed_2022_len20_window2_walks100_dim32_dine_utilities_dim18_age_income_node_covariates.csv
utility_strength,income_percentile,0.06637933682891868,14159990,collapsed_2022_len20_window2_walks100_dim32_dine_utilities_dim18_age_income_node_covariates.csv
utility_strength,utility_gini,-0.5214188106976367,14159990,collapsed_2022_len20_window2_walks100_dim32_dine_utilities_dim18_age_income_node_covariates.csv
utility_strength,utility_hhi,-0.032062744568829286,14159990,collapsed_2022_len20_window2_walks100_dim32_dine_utilities_dim18_age_income_node_covariates.csv
utility_strength,utility_kurtosis,-0.0802175646450149,14159990,collapsed_2022_len20_window2_walks100_dim32_dine_utilities_dim18_age_income_node_covariates.csv
utility_strength,utility_skewness,-0.6587910061123214,14159990,collapsed_2022_len20_window2_walks100_dim32_dine_utilities_dim18_age_income_node_covariates.csv
utility_strength,utility_variance,0.6554337692705483,14159990,collapsed_2022_len20_window2_walks100_dim32_dine_utilities_dim18_age_income_node_covariates.csv
utility_variance,age,-0.029696363483907404,14159990,collapsed_2022_len20_window2_walks100_dim32_dine_utilities_dim18_age_income_node_covariates.csv
utility_variance,income_percentile,0.10754856381971853,14159990,collapsed_2022_len20_window2_walks100_dim32_dine_utilities_dim18_age_income_node_covariates.csv
utility_variance,utility_gini,-0.2743609151403806,14159990,collapsed_2022_len20_window2_walks100_dim32_dine_utilities_dim18_age_income_node_covariates.csv
utility_variance,utility_hhi,-0.14514220262919622,14159990,collapsed_2022_len20_window2_walks100_dim32_dine_utilities_dim18_age_income_node_covariates.csv
utility_variance,utility_kurtosis,-0.25808218237704506,14159990,collapsed_2022_len20_window2_walks100_dim32_dine_utilities_dim18_age_income_node_covariates.csv
utility_variance,utility_skewness,-0.5244088752524857,14159990,collapsed_2022_len20_window2_walks100_dim32_dine_utilities_dim18_age_income_node_covariates.csv
utility_variance,utility_strength,0.6554337692705483,14159990,collapsed_2022_len20_window2_walks100_dim32_dine_utilities_dim18_age_income_node_covariates.csv
age,income_percentile,0.05605646931135745,14159990,collapsed_2022_len20_window2_walks100_dim32_dine_utilities_dim20_age_income_node_covariates.csv
age,utility_gini,0.09732388403905146,14159990,collapsed_2022_len20_window2_walks100_dim32_dine_utilities_dim20_age_income_node_covariates.csv
age,utility_hhi,0.5237275702505793,14159990,collapsed_2022_len20_window2_walks100_dim32_dine_utilities_dim20_age_income_node_covariates.csv
age,utility_kurtosis,0.04305768448534452,14159990,collapsed_2022_len20_window2_walks100_dim32_dine_utilities_dim20_age_income_node_covariates.csv
age,utility_skewness,0.006915099381637107,14159990,collapsed_2022_len20_window2_walks100_dim32_dine_utilities_dim20_age_income_node_covariates.csv
age,utility_strength,0.053463251826770954,14159990,collapsed_2022_len20_window2_walks100_dim32_dine_utilities_dim20_age_income_node_covariates.csv
age,utility_variance,-0.02239547018657148,14159990,collapsed_2022_len20_window2_walks100_dim32_dine_utilities_dim20_age_income_node_covariates.csv
income_percentile,age,0.05605646931135745,14159990,collapsed_2022_len20_window2_walks100_dim32_dine_utilities_dim20_age_income_node_covariates.csv
income_percentile,utility_gini,-0.10705940611269861,14159990,collapsed_2022_len20_window2_walks100_dim32_dine_utilities_dim20_age_income_node_covariates.csv
income_percentile,utility_hhi,-0.20733082559625754,14159990,collapsed_2022_len20_window2_walks100_dim32_dine_utilities_dim20_age_income_node_covariates.csv
income_percentile,utility_kurtosis,-0.10544618542341276,14159990,collapsed_2022_len20_window2_walks100_dim32_dine_utilities_dim20_age_income_node_covariates.csv
income_percentile,utility_skewness,-0.1401904751713291,14159990,collapsed_2022_len20_window2_walks100_dim32_dine_utilities_dim20_age_income_node_covariates.csv
income_percentile,utility_strength,0.1734748289043561,14159990,collapsed_2022_len20_window2_walks100_dim32_dine_utilities_dim20_age_income_node_covariates.csv
income_percentile,utility_variance,0.2089273344024707,14159990,collapsed_2022_len20_window2_walks100_dim32_dine_utilities_dim20_age_income_node_covariates.csv
utility_gini,age,0.09732388403905146,14159990,collapsed_2022_len20_window2_walks100_dim32_dine_utilities_dim20_age_income_node_covariates.csv
utility_gini,income_percentile,-0.10705940611269861,14159990,collapsed_2022_len20_window2_walks100_dim32_dine_utilities_dim20_age_income_node_covariates.csv
utility_gini,utility_hhi,0.29265888662486494,14159990,collapsed_2022_len20_window2_walks100_dim32_dine_utilities_dim20_age_income_node_covariates.csv
utility_gini,utility_kurtosis,0.0768643003750357,14159990,collapsed_2022_len20_window2_walks100_dim32_dine_utilities_dim20_age_income_node_covariates.csv
utility_gini,utility_skewness,0.7064410654546949,14159990,collapsed_2022_len20_window2_walks100_dim32_dine_utilities_dim20_age_income_node_covariates.csv
utility_gini,utility_strength,-0.488183191700399,14159990,collapsed_2022_len20_window2_walks100_dim32_dine_utilities_dim20_age_income_node_covariates.csv
utility_gini,utility_variance,-0.2529860295387168,14159990,collapsed_2022_len20_window2_walks100_dim32_dine_utilities_dim20_age_income_node_covariates.csv
utility_hhi,age,0.5237275702505791,14159990,collapsed_2022_len20_window2_walks100_dim32_dine_utilities_dim20_age_income_node_covariates.csv
utility_hhi,income_percentile,-0.20733082559625754,14159990,collapsed_2022_len20_window2_walks100_dim32_dine_utilities_dim20_age_income_node_covariates.csv
utility_hhi,utility_gini,0.2926588866248649,14159990,collapsed_2022_len20_window2_walks100_dim32_dine_utilities_dim20_age_income_node_covariates.csv
utility_hhi,utility_kurtosis,0.08385476168527639,14159990,collapsed_2022_len20_window2_walks100_dim32_dine_utilities_dim20_age_income_node_covariates.csv
utility_hhi,utility_skewness,0.1091458381928234,14159990,collapsed_2022_len20_window2_walks100_dim32_dine_utilities_dim20_age_income_node_covariates.csv
utility_hhi,utility_strength,-0.005501996040965762,14159990,collapsed_2022_len20_window2_walks100_dim32_dine_utilities_dim20_age_income_node_covariates.csv
utility_hhi,utility_variance,-0.09580628630775707,14159990,collapsed_2022_len20_window2_walks100_dim32_dine_utilities_dim20_age_income_node_covariates.csv
utility_kurtosis,age,0.04305768448534452,14159990,collapsed_2022_len20_window2_walks100_dim32_dine_utilities_dim20_age_income_node_covariates.csv
utility_kurtosis,income_percentile,-0.10544618542341277,14159990,collapsed_2022_len20_window2_walks100_dim32_dine_utilities_dim20_age_income_node_covariates.csv
utility_kurtosis,utility_gini,0.0768643003750357,14159990,collapsed_2022_len20_window2_walks100_dim32_dine_utilities_dim20_age_income_node_covariates.csv
utility_kurtosis,utility_hhi,0.08385476168527639,14159990,collapsed_2022_len20_window2_walks100_dim32_dine_utilities_dim20_age_income_node_covariates.csv
utility_kurtosis,utility_skewness,0.5233940720847645,14159990,collapsed_2022_len20_window2_walks100_dim32_dine_utilities_dim20_age_income_node_covariates.csv
utility_kurtosis,utility_strength,-0.27006560651404,14159990,collapsed_2022_len20_window2_walks100_dim32_dine_utilities_dim20_age_income_node_covariates.csv
utility_kurtosis,utility_variance,-0.3732908343684973,14159990,collapsed_2022_len20_window2_walks100_dim32_dine_utilities_dim20_age_income_node_covariates.csv
utility_skewness,age,0.0069150993816371065,14159990,collapsed_2022_len20_window2_walks100_dim32_dine_utilities_dim20_age_income_node_covariates.csv
utility_skewness,income_percentile,-0.1401904751713291,14159990,collapsed_2022_len20_window2_walks100_dim32_dine_utilities_dim20_age_income_node_covariates.csv
utility_skewness,utility_gini,0.706441065454695,14159990,collapsed_2022_len20_window2_walks100_dim32_dine_utilities_dim20_age_income_node_covariates.csv
utility_skewness,utility_hhi,0.10914583819282339,14159990,collapsed_2022_len20_window2_walks100_dim32_dine_utilities_dim20_age_income_node_covariates.csv
utility_skewness,utility_kurtosis,0.5233940720847645,14159990,collapsed_2022_len20_window2_walks100_dim32_dine_utilities_dim20_age_income_node_covariates.csv
utility_skewness,utility_strength,-0.6482930745937208,14159990,collapsed_2022_len20_window2_walks100_dim32_dine_utilities_dim20_age_income_node_covariates.csv
utility_skewness,utility_variance,-0.5439442530186015,14159990,collapsed_2022_len20_window2_walks100_dim32_dine_utilities_dim20_age_income_node_covariates.csv
utility_strength,age,0.05346325182677096,14159990,collapsed_2022_len20_window2_walks100_dim32_dine_utilities_dim20_age_income_node_covariates.csv
utility_strength,income_percentile,0.17347482890435612,14159990,collapsed_2022_len20_window2_walks100_dim32_dine_utilities_dim20_age_income_node_covariates.csv
utility_strength,utility_gini,-0.488183191700399,14159990,collapsed_2022_len20_window2_walks100_dim32_dine_utilities_dim20_age_income_node_covariates.csv
utility_strength,utility_hhi,-0.005501996040965762,14159990,collapsed_2022_len20_window2_walks100_dim32_dine_utilities_dim20_age_income_node_covariates.csv
utility_strength,utility_kurtosis,-0.27006560651403994,14159990,collapsed_2022_len20_window2_walks100_dim32_dine_utilities_dim20_age_income_node_covariates.csv
utility_strength,utility_skewness,-0.6482930745937208,14159990,collapsed_2022_len20_window2_walks100_dim32_dine_utilities_dim20_age_income_node_covariates.csv
utility_strength,utility_variance,0.6768176576506445,14159990,collapsed_2022_len20_window2_walks100_dim32_dine_utilities_dim20_age_income_node_covariates.csv
utility_variance,age,-0.02239547018657148,14159990,collapsed_2022_len20_window2_walks100_dim32_dine_utilities_dim20_age_income_node_covariates.csv
utility_variance,income_percentile,0.2089273344024707,14159990,collapsed_2022_len20_window2_walks100_dim32_dine_utilities_dim20_age_income_node_covariates.csv
utility_variance,utility_gini,-0.2529860295387168,14159990,collapsed_2022_len20_window2_walks100_dim32_dine_utilities_dim20_age_income_node_covariates.csv
utility_variance,utility_hhi,-0.09580628630775707,14159990,collapsed_2022_len20_window2_walks100_dim32_dine_utilities_dim20_age_income_node_covariates.csv
utility_variance,utility_kurtosis,-0.3732908343684973,14159990,collapsed_2022_len20_window2_walks100_dim32_dine_utilities_dim20_age_income_node_covariates.csv
utility_variance,utility_skewness,-0.5439442530186015,14159990,collapsed_2022_len20_window2_walks100_dim32_dine_utilities_dim20_age_income_node_covariates.csv
utility_variance,utility_strength,0.6768176576506446,14159990,collapsed_2022_len20_window2_walks100_dim32_dine_utilities_dim20_age_income_node_covariates.csv
age,income_percentile,0.05605646931135745,14159990,collapsed_2022_len20_window2_walks100_dim32_dine_utilities_dim27_age_income_node_covariates.csv
age,utility_gini,0.09021204110423893,14159990,collapsed_2022_len20_window2_walks100_dim32_dine_utilities_dim27_age_income_node_covariates.csv
age,utility_hhi,0.5224267523209118,14159990,collapsed_2022_len20_window2_walks100_dim32_dine_utilities_dim27_age_income_node_covariates.csv
age,utility_kurtosis,0.03667566427082904,14159990,collapsed_2022_len20_window2_walks100_dim32_dine_utilities_dim27_age_income_node_covariates.csv
age,utility_skewness,-0.004784393552561896,14159990,collapsed_2022_len20_window2_walks100_dim32_dine_utilities_dim27_age_income_node_covariates.csv
age,utility_strength,-0.02506873956013606,14159990,collapsed_2022_len20_window2_walks100_dim32_dine_utilities_dim27_age_income_node_covariates.csv
age,utility_variance,-0.07870383654554561,14159990,collapsed_2022_len20_window2_walks100_dim32_dine_utilities_dim27_age_income_node_covariates.csv
income_percentile,age,0.05605646931135745,14159990,collapsed_2022_len20_window2_walks100_dim32_dine_utilities_dim27_age_income_node_covariates.csv
income_percentile,utility_gini,0.035156560217744125,14159990,collapsed_2022_len20_window2_walks100_dim32_dine_utilities_dim27_age_income_node_covariates.csv
income_percentile,utility_hhi,-0.1917664610645387,14159990,collapsed_2022_len20_window2_walks100_dim32_dine_utilities_dim27_age_income_node_covariates.csv
income_percentile,utility_kurtosis,-0.06400172357621328,14159990,collapsed_2022_len20_window2_walks100_dim32_dine_utilities_dim27_age_income_node_covariates.csv
income_percentile,utility_skewness,0.025172341353408796,14159990,collapsed_2022_len20_window2_walks100_dim32_dine_utilities_dim27_age_income_node_covariates.csv
income_percentile,utility_strength,-0.0563284644217764,14159990,collapsed_2022_len20_window2_walks100_dim32_dine_utilities_dim27_age_income_node_covariates.csv
income_percentile,utility_variance,0.030913631538190867,14159990,collapsed_2022_len20_window2_walks100_dim32_dine_utilities_dim27_age_income_node_covariates.csv
utility_gini,age,0.09021204110423894,14159990,collapsed_2022_len20_window2_walks100_dim32_dine_utilities_dim27_age_income_node_covariates.csv
utility_gini,income_percentile,0.035156560217744125,14159990,collapsed_2022_len20_window2_walks100_dim32_dine_utilities_dim27_age_income_node_covariates.csv
utility_gini,utility_hhi,0.2822236805122596,14159990,collapsed_2022_len20_window2_walks100_dim32_dine_utilities_dim27_age_income_node_covariates.csv
utility_gini,utility_kurtosis,-0.06104412946701639,14159990,collapsed_2022_len20_window2_walks100_dim32_dine_utilities_dim27_age_income_node_covariates.csv
utility_gini,utility_skewness,0.7714261832641938,14159990,collapsed_2022_len20_window2_walks100_dim32_dine_utilities_dim27_age_income_node_covariates.csv
utility_gini,utility_strength,-0.5661627414447009,14159990,collapsed_2022_len20_window2_walks100_dim32_dine_utilities_dim27_age_income_node_covariates.csv
utility_gini,utility_variance,-0.33390013163909404,14159990,collapsed_2022_len20_window2_walks100_dim32_dine_utilities_dim27_age_income_node_covariates.csv
utility_hhi,age,0.5224267523209118,14159990,collapsed_2022_len20_window2_walks100_dim32_dine_utilities_dim27_age_income_node_covariates.csv
utility_hhi,income_percentile,-0.1917664610645387,14159990,collapsed_2022_len20_window2_walks100_dim32_dine_utilities_dim27_age_income_node_covariates.csv
utility_hhi,utility_gini,0.28222368051225954,14159990,collapsed_2022_len20_window2_walks100_dim32_dine_utilities_dim27_age_income_node_covariates.csv
utility_hhi,utility_kurtosis,0.057391977525550766,14159990,collapsed_2022_len20_window2_walks100_dim32_dine_utilities_dim27_age_income_node_covariates.csv
utility_hhi,utility_skewness,0.1000434927722532,14159990,collapsed_2022_len20_window2_walks100_dim32_dine_utilities_dim27_age_income_node_covariates.csv
utility_hhi,utility_strength,-0.06539745376160744,14159990,collapsed_2022_len20_window2_walks100_dim32_dine_utilities_dim27_age_income_node_covariates.csv
utility_hhi,utility_variance,-0.14207524229985197,14159990,collapsed_2022_len20_window2_walks100_dim32_dine_utilities_dim27_age_income_node_covariates.csv
utility_kurtosis,age,0.03667566427082904,14159990,collapsed_2022_len20_window2_walks100_dim32_dine_utilities_dim27_age_income_node_covariates.csv
utility_kurtosis,income_percentile,-0.0640017235762133,14159990,collapsed_2022_len20_window2_walks100_dim32_dine_utilities_dim27_age_income_node_covariates.csv
utility_kurtosis,utility_gini,-0.06104412946701639,14159990,collapsed_2022_len20_window2_walks100_dim32_dine_utilities_dim27_age_income_node_covariates.csv
utility_kurtosis,utility_hhi,0.05739197752555076,14159990,collapsed_2022_len20_window2_walks100_dim32_dine_utilities_dim27_age_income_node_covariates.csv
utility_kurtosis,utility_skewness,0.2837215547949954,14159990,collapsed_2022_len20_window2_walks100_dim32_dine_utilities_dim27_age_income_node_covariates.csv
utility_kurtosis,utility_strength,-0.09341639118928896,14159990,collapsed_2022_len20_window2_walks100_dim32_dine_utilities_dim27_age_income_node_covariates.csv
utility_kurtosis,utility_variance,-0.2489906187371711,14159990,collapsed_2022_len20_window2_walks100_dim32_dine_utilities_dim27_age_income_node_covariates.csv
utility_skewness,age,-0.004784393552561897,14159990,collapsed_2022_len20_window2_walks100_dim32_dine_utilities_dim27_age_income_node_covariates.csv
utility_skewness,income_percentile,0.025172341353408796,14159990,collapsed_2022_len20_window2_walks100_dim32_dine_utilities_dim27_age_income_node_covariates.csv
utility_skewness,utility_gini,0.7714261832641938,14159990,collapsed_2022_len20_window2_walks100_dim32_dine_utilities_dim27_age_income_node_covariates.csv
utility_skewness,utility_hhi,0.1000434927722532,14159990,collapsed_2022_len20_window2_walks100_dim32_dine_utilities_dim27_age_income_node_covariates.csv
utility_skewness,utility_kurtosis,0.2837215547949954,14159990,collapsed_2022_len20_window2_walks100_dim32_dine_utilities_dim27_age_income_node_covariates.csv
utility_skewness,utility_strength,-0.6822741942914852,14159990,collapsed_2022_len20_window2_walks100_dim32_dine_utilities_dim27_age_income_node_covariates.csv
utility_skewness,utility_variance,-0.5810148811894286,14159990,collapsed_2022_len20_window2_walks100_dim32_dine_utilities_dim27_age_income_node_covariates.csv
utility_strength,age,-0.025068739560136055,14159990,collapsed_2022_len20_window2_walks100_dim32_dine_utilities_dim27_age_income_node_covariates.csv
utility_strength,income_percentile,-0.0563284644217764,14159990,collapsed_2022_len20_window2_walks100_dim32_dine_utilities_dim27_age_income_node_covariates.csv
utility_strength,utility_gini,-0.5661627414447009,14159990,collapsed_2022_len20_window2_walks100_dim32_dine_utilities_dim27_age_income_node_covariates.csv
utility_strength,utility_hhi,-0.06539745376160744,14159990,collapsed_2022_len20_window2_walks100_dim32_dine_utilities_dim27_age_income_node_covariates.csv
utility_strength,utility_kurtosis,-0.09341639118928895,14159990,collapsed_2022_len20_window2_walks100_dim32_dine_utilities_dim27_age_income_node_covariates.csv
utility_strength,utility_skewness,-0.6822741942914851,14159990,collapsed_2022_len20_window2_walks100_dim32_dine_utilities_dim27_age_income_node_covariates.csv
utility_strength,utility_variance,0.6720767872437939,14159990,collapsed_2022_len20_window2_walks100_dim32_dine_utilities_dim27_age_income_node_covariates.csv
utility_variance,age,-0.07870383654554561,14159990,collapsed_2022_len20_window2_walks100_dim32_dine_utilities_dim27_age_income_node_covariates.csv
utility_variance,income_percentile,0.030913631538190867,14159990,collapsed_2022_len20_window2_walks100_dim32_dine_utilities_dim27_age_income_node_covariates.csv
utility_variance,utility_gini,-0.3339001316390941,14159990,collapsed_2022_len20_window2_walks100_dim32_dine_utilities_dim27_age_income_node_covariates.csv
utility_variance,utility_hhi,-0.142075242299852,14159990,collapsed_2022_len20_window2_walks100_dim32_dine_utilities_dim27_age_income_node_covariates.csv
utility_variance,utility_kurtosis,-0.2489906187371711,14159990,collapsed_2022_len20_window2_walks100_dim32_dine_utilities_dim27_age_income_node_covariates.csv
utility_variance,utility_skewness,-0.5810148811894286,14159990,collapsed_2022_len20_window2_walks100_dim32_dine_utilities_dim27_age_income_node_covariates.csv
utility_variance,utility_strength,0.6720767872437939,14159990,collapsed_2022_len20_window2_walks100_dim32_dine_utilities_dim27_age_income_node_covariates.csv
